<?xml version="1.0" encoding="UTF-8"?>
<project-private xmlns="http://www.netbeans.org/ns/project-private/1">
    <editor-bookmarks xmlns="http://www.netbeans.org/ns/editor-bookmarks/2" lastBookmarkId="0"/>
    <open-files xmlns="http://www.netbeans.org/ns/projectui-open-files/2">
        <group>
            <file>file:/D:/Gustavo/Desktop/IntegradorV1/src/view/Integradorv1.java</file>
            <file>file:/D:/Gustavo/Desktop/IntegradorV1/src/view/Telacupomadm.java</file>
            <file>file:/D:/Gustavo/Desktop/IntegradorV1/src/view/Telacupromocoesadm.java</file>
            <file>file:/D:/Gustavo/Desktop/IntegradorV1/src/view/menu.java</file>
        </group>
    </open-files>
</project-private>
